Identifier,Title,Description,Priority,Estimate (hours),Labels,Parent Issue,Assignee,Due Date
EPIC-1,Backend Stability & Bug Fixes,Fix all critical backend issues preventing production deployment. Quote module has 33% failure rate that must be resolved before deployment.,Critical,,epic;backend;production;blocking,,,
ISS-001,Fix Quote Module 405 Errors,HTTP method configuration issues on quote endpoints causing 405 Method Not Allowed errors. Review FastAPI route decorators in quotes.py. FastAPI route decorators may be missing HTTP methods or have endpoint path conflicts.,Critical,3,bug;api;quotes;405;blocking,EPIC-1,,
ISS-002,Fix Quote Module 404 Errors,Quote resources created but cannot be retrieved. 300 scenarios failing. Investigate UUID generation database constraints cascade deletes session management and race conditions. Add comprehensive logging.,Critical,4,bug;api;quotes;404;database;blocking,EPIC-1,,
ISS-003,Fix Quote Module 422 Errors,Pydantic validation failures on quote create/update. Date format issues missing required fields price validation status transitions. 200 scenarios failing with validation errors.,Critical,3,bug;api;quotes;422;validation;blocking,EPIC-1,,
ISS-004,Deploy Microsecond Timestamp Fix,Race condition fix is coded but not deployed. Currently limited to max_concurrent=2. Rebuild container with updated code verify zero conflicts at max_concurrent=5. 98 race condition failures under load.,Critical,2,deployment;backend;race-conditions;blocking,EPIC-1,,
ISS-005,Fix 30 Internal Server Errors,Unhandled exceptions causing 500 errors. 30 scenarios failed. Review logs identify patterns add proper exception handling. Check database connection pool null pointers async/await issues.,High,4,bug;backend;stability;500-error,EPIC-1,,
EPIC-2,Performance Optimization,Optimize database queries and search performance. Current customer wildcard search takes 3500ms product search 1700ms. Target sub-second response times.,High,,epic;performance;database,,,
ISS-006,Add PostgreSQL Trigram Indexes,Slow customer wildcard searches 3500ms P95. Add pg_trgm extension and indexes on company_name contact_name product name sku. Expected improvement: 3500ms to under 1000ms.,High,2,database;performance;indexing;pg_trgm,EPIC-2,,
ISS-007,Optimize Foreign Key Indexes,Add B-tree indexes on foreign key columns: orders.customer_id order_items.order_id order_items.product_id quotes.customer_id quote_items.quote_id quote_items.product_id.,Medium,1,database;performance;indexing,EPIC-2,,
ISS-017,Database Query Performance Tuning,Analyze slow queries using EXPLAIN ANALYZE. Optimize frequently accessed queries. Review N+1 query problems. Implement query result caching where appropriate.,Medium,3,database;performance;tuning,EPIC-2,,
EPIC-3,Shopify Production Integration,Complete Shopify live mode integration. Authentication failing with 401. Bidirectional sync not implemented. Real-time inventory sync pending.,High,,epic;integration;shopify;production,,,
ISS-008,Fix Shopify Authentication 401,Shopify API connection failing with 401 Unauthorized. Verify credentials app installation API scopes. Check if private app is installed admin API access token matches required scopes enabled.,High,2,integration;shopify;auth;401;production,EPIC-3,,
ISS-009,Implement Bidirectional Product Sync,ERP to Shopify and Shopify to ERP product synchronization with conflict resolution. Create webhook endpoints handle sync conflicts add retry logic create sync status dashboard.,High,8,integration;shopify;products;sync;webhooks,EPIC-3,,
ISS-010,Implement Real-Time Inventory Sync,Real-time inventory synchronization via webhooks. Handle orders cancellations stock updates. Configure Shopify inventory location ID implement retry logic.,High,6,integration;shopify;inventory;webhooks;real-time,EPIC-3,,
ISS-018,Configure Shopify Webhooks,Set up public webhook endpoints subscribe to required topics test webhook delivery configure webhook secret for signature verification.,Medium,2,integration;shopify;webhooks;config,EPIC-3,,
EPIC-4,Production Infrastructure,Provision and configure production infrastructure. Servers not provisioned SSL not installed load balancer not configured secrets management not implemented.,Critical,,epic;infrastructure;devops;production;blocking,,,
ISS-011,Provision Production Servers,Set up Ubuntu 22.04 LTS servers with Docker Docker Compose. Minimum 8 cores 16GB RAM 200GB SSD. Security updates firewall configuration.,Critical,4,infrastructure;servers;production;provisioning,EPIC-4,,
ISS-012,Configure SSL TLS Certificates,Obtain and configure Let's Encrypt certificates. Enable auto-renewal TLS 1.3 HSTS headers strong cipher suites.,Critical,2,infrastructure;security;ssl;tls;certificates,EPIC-4,,
ISS-013,Set Up Load Balancer Nginx,Configure Nginx as reverse proxy. SSL termination HTTP to HTTPS redirect rate limiting WebSocket support static file caching health checks.,Critical,3,infrastructure;nginx;load-balancer;reverse-proxy,EPIC-4,,
ISS-014,Implement Secrets Management,Set up HashiCorp Vault or AWS Secrets Manager. NO secrets in environment files or code. Secrets rotation schedule emergency revocation procedure.,High,4,infrastructure;security;secrets;vault,EPIC-4,,
ISS-015,Configure Automated Backups,Set up database backups full daily incremental hourly WAL archiving 30-day retention. Off-site storage encryption test restore procedures.,High,3,infrastructure;database;backups;disaster-recovery,EPIC-4,,
ISS-016,Test Disaster Recovery Procedures,Test backup restore procedures. Document RTO under 4 hours and RPO under 1 hour. Validate failover processes. Test complete server failure database corruption scenarios.,High,4,infrastructure;disaster-recovery;testing;dr,EPIC-4,,
EPIC-5,Monitoring and Observability,Deploy production monitoring and alerting. No APM solution no alerting rules no error tracking no uptime monitoring currently in place.,High,,epic;monitoring;observability;production,,,
ISS-019,Deploy Prometheus Grafana,Set up Prometheus for metrics collection Grafana for visualization. Server metrics container metrics application metrics database metrics.,High,4,monitoring;prometheus;grafana;metrics,EPIC-5,,
ISS-020,Configure Alert Rules Notifications,Create alert rules for response time error rate CPU memory disk database connections replication lag. Set up Slack email notifications on-call schedule.,High,3,monitoring;alerts;notifications;paging,EPIC-5,,
ISS-021,Integrate Sentry Error Tracking,Set up Sentry for error tracking release tracking source maps. Alert rules for error rate spikes.,Medium,2,monitoring;sentry;errors;tracking,EPIC-5,,
ISS-022,Set Up Uptime Monitoring,Configure UptimeRobot or Pingdom for health endpoint monitoring 1-minute checks. Monitor https://yourdomain.com/api/health.,Low,1,monitoring;uptime;health-checks,EPIC-5,,
ISS-023,Create Operations Dashboards,Create Grafana dashboards for request rate response time error rates top slowest endpoints database connections. Real-time visibility for ops team.,Medium,3,monitoring;dashboards;operations,EPIC-5,,
EPIC-6,Security Hardening,Complete security audit and hardening. Security audit not completed production secrets not generated firewall not configured penetration testing pending.,Critical,,epic;security;production;audit;blocking,,,
ISS-024,Conduct Security Audit,Review code for vulnerabilities. Check OWASP Top 10. Verify authentication authorization. Review JWT implementation rate limiting input validation.,Critical,4,security;audit;compliance;owasp,EPIC-6,,
ISS-025,Generate Secure Production Secrets,Generate 256-bit JWT secret key PostgreSQL password. Use cryptographically secure random generation. Store in secure vault.,Critical,2,security;secrets;production;encryption,EPIC-6,,
ISS-026,Configure Firewall Network Security,Set up UFW iptables. Disable root login SSH key-only authentication Fail2ban. Restrict SSH to specific IPs.,High,3,security;firewall;network;ssh;hardering,EPIC-6,,
ISS-027,Implement API Rate Limiting,Configure rate limiting on all API endpoints. Prevent abuse DDoS protection. Different limits for authenticated vs unauthenticated.,High,2,security;rate-limiting;api;ddos,EPIC-6,,
ISS-028,Security Penetration Testing,Conduct penetration testing. Validate all security measures. Fix any findings. Re-test after fixes.,High,4,security;penetration-testing;validation;pt,EPIC-6,,
EPIC-7,Testing and Validation,Complete testing and user acceptance validation. Full integration test suite needs re-run UAT not completed load testing needs re-verification.,Medium,,epic;testing;uat;validation,,,
ISS-029,Re-run Full Integration Test Suite,Execute complete integration test suite after all fixes. Verify 100% pass rate 39/39 tests. Document any failures.,Medium,3,testing;integration;validation;regression,EPIC-7,,
ISS-030,Execute Load Testing Post-Fixes,Re-run 8000-scenario load test. Verify 95%+ pass rate on all modules. Products Customers Orders Quotes. Document performance baselines.,Medium,4,testing;load;performance;stress,EPIC-7,,
ISS-031,Conduct User Acceptance Testing,Complete UAT with stakeholders. Document feedback. Address any issues. Sign-off from business owner.,Medium,8,testing;uat;stakeholders;sign-off,EPIC-7,,
ISS-032,Create User Documentation,Create user guides for all modules. Admin user guide API documentation troubleshooting guide.,Medium,6,documentation;user-guides;training,EPIC-7,,
EPIC-8,Deployment and Go-Live,Execute production deployment. Staging deployment required 7-day stability period. Production deployment during low-traffic window.,Critical,,epic;deployment;go-live;production;blocking,,,
ISS-033,Execute Staging Deployment,Deploy to staging environment. Run full validation. 7-day stability period. All stakeholders test.,Critical,4,deployment;staging;validation;testing,EPIC-8,,
ISS-034,Production Deployment Execution,Execute production deployment during low-traffic window. Follow deployment checklist. Database migrations seed data verification.,Critical,6,deployment;production;go-live;migration,EPIC-8,,
ISS-035,Post-Deployment Monitoring 24h,24-hour intensive monitoring period. Hourly health checks. On-call team ready. Incident response plan activated.,Critical,24,deployment;monitoring;post-deploy;on-call,EPIC-8,,
ISS-036,Go-Live Sign-off and Handover,Final sign-off from all teams. Documentation handover. Training completion. Celebrate launch!,Medium,2,deployment;go-live;handover;completion,EPIC-8,,
